City_ID,City,Lat,Lng,Max Temp,Humidity,Cloudiness,Wind Speed,Country,Date
0,waitangi,-43.9535,-176.5597,53.82,98,100,4.0,NZ,1690226994
1,adamstown,-25.066,-130.1015,67.93,68,29,9.42,PN,1690226995
2,saint-joseph,-21.3667,55.6167,66.58,83,39,7.05,RE,1690226693
3,carnarvon,-24.8667,113.6333,60.48,76,4,10.89,AU,1690226996
4,hermanus,-34.4187,19.2345,51.93,66,0,5.99,ZA,1690226997
5,iqaluit,63.7506,-68.5145,46.13,75,75,10.0,CA,1690226997
6,puerto natales,-51.7236,-72.4875,26.22,76,100,1.63,CL,1690226908
7,gadzhiyevo,69.2551,33.3362,48.72,97,100,13.49,RU,1690226540
8,klyuchi,52.2667,79.1667,68.88,57,7,8.84,RU,1690226999
9,ribeira grande,38.5167,-28.7,75.6,83,75,8.01,PT,1690226999
10,invercargill,-46.4,168.35,44.64,88,100,8.86,NZ,1690227000
11,margaret river,-33.95,115.0667,61.84,80,11,20.04,AU,1690227001
12,ivdel',60.6911,60.4206,58.75,70,68,1.99,RU,1690227001
13,punta arenas,-53.15,-70.9167,30.25,77,100,5.32,CL,1690227003
14,grytviken,-54.2811,-36.5092,21.33,77,18,10.49,GS,1690227004
15,iskateley,67.6803,53.1512,61.11,74,100,5.06,RU,1690227005
16,saint-pierre,-21.3393,55.4781,67.68,77,0,6.91,RE,1690227006
17,papatowai,-46.5619,169.4708,44.42,87,81,7.52,NZ,1690227007
18,bethel,41.3712,-73.414,86.52,54,40,10.36,US,1690227008
19,port elizabeth,-33.918,25.5701,48.49,81,0,9.22,ZA,1690226940
20,yellowknife,62.456,-114.3525,75.72,43,100,5.75,CA,1690227010
21,nadi,-17.8,177.4167,73.4,83,100,3.44,FJ,1690227011
22,murghob,38.1702,73.9667,59.86,30,9,3.69,TJ,1690226787
23,hamilton,39.1834,-84.5333,89.91,60,100,16.11,US,1690226729
24,anadyr,64.75,177.4833,52.3,87,75,15.66,RU,1690227012
25,bredasdorp,-34.5322,20.0403,45.81,74,0,5.28,ZA,1690227013
26,saipan,15.1355,145.701,81.3,100,0,5.75,MP,1690227013
27,edinburgh of the seven seas,-37.0676,-12.3116,59.0,77,70,36.69,SH,1690227014
28,villa huidobro,-34.8383,-64.5869,56.73,35,6,12.08,AR,1690227016
29,isafjordur,66.0755,-23.124,50.47,93,100,5.5,IS,1690227017
30,port-aux-francais,-49.35,70.2167,38.89,72,100,24.83,TF,1690227017
31,wailua homesteads,22.0669,-159.378,81.39,79,100,16.11,US,1690227018
32,vorgashor,67.5833,63.95,61.99,71,100,3.83,RU,1690226493
33,uturoa,-16.7333,-151.4333,80.02,82,18,14.32,PF,1690227019
34,tvoroyri,61.5556,-6.8111,49.06,85,73,8.39,FO,1690227020
35,port mathurin,-19.6833,63.4167,73.67,77,45,17.9,MU,1690227020
36,tiksi,71.6872,128.8694,38.64,82,22,4.92,RU,1690227021
37,mount pearl,47.5166,-52.7813,76.44,82,75,17.27,CA,1690227021
38,qaqortoq,60.7167,-46.0333,44.53,87,80,8.01,GL,1690227022
39,hawaiian paradise park,19.5933,-154.9731,80.73,87,100,5.75,US,1690227022
40,p'ot'i,42.1462,41.672,73.04,80,0,1.14,GE,1690227023
41,chibougamau,49.9168,-74.3659,65.82,77,100,7.9,CA,1690226545
42,aasiaat,68.7098,-52.8699,38.62,95,98,6.26,GL,1690227024
43,malanje,-9.5402,16.341,71.04,19,5,3.74,AO,1690227024
44,crane,31.3974,-102.3501,99.77,16,0,12.57,US,1690226539
45,nemuro,43.3236,145.575,61.9,94,100,13.96,JP,1690227026
46,dudinka,69.4058,86.1778,56.62,73,40,8.1,RU,1690227026
47,mili,6.0815,171.735,82.24,79,97,13.53,MH,1690226564
48,soltvadkert,46.5789,19.3939,86.0,51,81,8.66,HU,1690227027
49,kingston,17.997,-76.7936,92.25,64,20,23.02,JM,1690227028
50,albany,42.6001,-73.9662,76.8,72,60,1.99,US,1690227028
51,georgetown,5.4112,100.3354,82.33,82,20,2.3,MY,1690226976
52,ust-nera,64.5667,143.2,60.6,63,92,7.05,RU,1690226458
53,west island,-12.1568,96.8225,76.98,78,75,18.41,CC,1690227030
54,kittila,67.6647,24.8936,51.94,87,100,5.75,FI,1690226622
55,thunder bay,48.4001,-89.3168,76.91,38,75,6.91,CA,1690226579
56,alvaraes,-3.2208,-64.8042,93.07,30,2,3.42,BR,1690227031
57,ilulissat,69.2167,-51.1,46.42,87,20,4.61,GL,1690227032
58,katsuura,35.1333,140.3,76.17,90,19,6.91,JP,1690226668
59,lewistown,40.5992,-77.5714,89.19,45,0,5.75,US,1690226668
60,olonkinbyen,70.9221,-8.7187,40.96,92,100,13.24,SJ,1690227033
61,el porvenir,13.7617,-87.3458,83.53,36,52,7.47,HN,1690226514
62,meadow lake,34.8014,-106.5436,97.93,21,0,9.66,US,1690227034
63,haiku-pauwela,20.9219,-156.3051,82.17,65,20,20.71,US,1690227035
64,stanley,54.868,-1.6985,56.28,80,100,0.65,GB,1690227035
65,jamestown,42.097,-79.2353,78.03,64,100,10.36,US,1690227036
66,fort st. john,56.2499,-120.8529,62.49,67,100,4.61,CA,1690226320
67,harsin,34.2721,47.5861,79.61,19,0,3.58,IR,1690227037
68,el granada,37.5027,-122.4694,85.42,71,40,17.27,US,1690227037
69,thompson,55.7435,-97.8558,77.16,36,20,9.22,CA,1690227038
70,pauini,-7.7136,-66.9764,96.35,22,0,3.09,BR,1690227038
71,los llanos de aridane,28.6585,-17.9182,71.35,83,20,14.97,ES,1690227039
72,port augusta,-32.5,137.7667,45.73,87,0,5.46,AU,1690226536
73,lihue,21.9789,-159.3672,81.99,73,100,16.11,US,1690227041
74,rio grande,-32.035,-52.0986,57.31,94,100,17.78,BR,1690227041
75,micheweni,-4.9667,39.8333,75.87,83,9,14.25,TZ,1690226478
76,ushuaia,-54.8,-68.3,33.46,64,0,3.44,AR,1690226928
77,farasan,16.7022,42.1183,87.8,78,83,8.19,SA,1690227043
78,whitehorse,60.7161,-135.0538,61.02,82,75,5.75,CA,1690226768
79,aykhal,66.0,111.5,55.27,91,97,6.78,RU,1690226598
80,praia da vitoria,38.7333,-27.0667,77.25,78,20,10.07,PT,1690227045
81,yemetsk,63.4721,41.7941,53.15,96,89,3.71,RU,1690227045
82,talnakh,69.4865,88.3972,56.21,72,85,1.88,RU,1690227046
83,dolbeau-mistassini,48.8763,-72.212,84.85,64,99,4.5,CA,1690226860
84,togur,58.3631,82.8265,59.23,95,43,3.15,RU,1690227047
85,peniche,39.3558,-9.3811,72.28,82,8,14.2,PT,1690227048
86,huarmey,-10.0681,-78.1522,74.62,66,0,12.24,PE,1690226569
87,shillong,25.5689,91.8831,63.46,96,100,3.49,IN,1690227049
88,blackmans bay,-43.0167,147.3167,46.53,81,95,4.74,AU,1690227049
89,kalamunda,-32.004,116.1329,55.09,59,0,6.91,AU,1690227050
90,cabo san lucas,22.8909,-109.9124,96.62,69,20,17.27,MX,1690226960
91,bilozerka,46.6248,32.4425,70.23,62,0,5.64,UA,1690227051
92,ghanzi,-21.5667,21.7833,63.37,29,14,6.87,BW,1690227051
93,digne-les-bains,44.0833,6.25,66.79,86,30,2.73,FR,1690227052
94,newman,37.3138,-121.0208,93.54,9,63,1.63,US,1690227052
95,petropavlovsk-kamchatsky,53.0452,158.6483,54.19,88,20,2.24,RU,1690227007
96,quellon,-43.1167,-73.6167,48.45,87,100,25.32,CL,1690227053
97,la passe,45.5549,-0.8967,70.03,78,56,16.02,FR,1690227054
98,hithadhoo,-0.6,73.0833,82.89,78,100,15.28,MV,1690227054
99,kuanda,56.3161,116.0806,60.33,82,24,2.84,RU,1690227054
100,kavieng,-2.5744,150.7967,81.14,78,100,10.09,PG,1690226596
101,ouadda,8.0777,22.4007,70.3,95,96,2.68,CF,1690227055
102,sagua de tanamo,20.5819,-75.2414,90.59,50,100,10.42,CU,1690227056
103,fortuna,40.5982,-124.1573,76.93,68,20,13.8,US,1690227056
104,lebu,-37.6167,-73.65,51.28,88,100,19.24,CL,1690227057
105,aldinga beach,-35.2793,138.4604,53.42,84,4,5.44,AU,1690227057
106,russkiy,43.0147,131.8642,71.46,99,100,2.57,RU,1690227058
107,vadso,70.0744,29.7487,49.08,100,100,14.97,NO,1690227058
108,bilibino,68.0546,166.4372,50.13,91,100,1.63,RU,1690227059
109,new norfolk,-42.7826,147.0587,47.7,85,98,3.65,AU,1690227060
110,spanish wells,26.323,-81.7957,99.03,66,10,1.01,US,1690227060
111,dalyellup,-33.3986,115.6168,56.66,62,78,15.95,AU,1690227061
112,ta`u,-14.2336,-169.5144,78.84,72,89,12.01,AS,1690226405
113,igrim,63.1906,64.4162,62.37,75,100,3.69,RU,1690227062
114,kisangani,0.5167,25.2,75.78,79,91,1.95,CD,1690227063
115,puerto ayora,-0.7393,-90.3518,84.16,98,78,8.01,EC,1690227063
116,margate,51.3813,1.3862,60.91,77,100,4.0,GB,1690227064
117,sao vicente,-23.9631,-46.3919,86.27,85,0,3.44,BR,1690226790
118,pampa del infierno,-26.5052,-61.1744,62.15,59,100,6.67,AR,1690227065
119,tocopilla,-22.092,-70.1979,67.93,67,2,7.58,CL,1690227066
120,khandyga,62.6667,135.6,62.82,84,50,4.16,RU,1690227067
121,kone,-21.0595,164.8658,61.39,82,97,4.76,NC,1690227067
122,arkhangel'sk,64.5401,40.5433,52.54,97,44,4.74,RU,1690227068
123,pocito,-31.6833,-68.5833,59.07,34,0,5.93,AR,1690227049
124,sao joao da barra,-21.6403,-41.0511,78.89,73,0,13.44,BR,1690226543
125,luderitz,-26.6481,15.1594,57.13,62,100,9.73,NA,1690227069
126,namibe,-15.1961,12.1522,65.16,81,100,6.93,AO,1690227070
127,guadalupe,25.6833,-100.25,92.71,40,20,6.91,MX,1690226930
128,tolanaro,-25.0319,46.9987,65.64,89,75,5.14,MG,1690227071
129,turpan,42.9333,89.1667,93.15,23,65,1.12,CN,1690227071
130,usinsk,65.9939,57.5281,58.78,78,8,7.81,RU,1690226608
131,sitka,57.0531,-135.33,60.69,77,20,0.0,US,1690227072
132,maintirano,-18.0667,44.0167,75.85,72,99,11.07,MG,1690226499
133,fale old settlement,-9.3852,-171.2468,83.97,71,9,17.47,TK,1690227074
134,inari,68.906,27.0288,52.0,98,100,7.65,FI,1690227074
135,ola,59.5833,151.2833,57.69,66,1,2.98,RU,1690227075
136,chonchi,-42.6128,-73.8092,45.61,95,100,9.24,CL,1690227075
137,sumbe,-11.2061,13.8437,68.7,92,77,3.11,AO,1690227076
138,olyokminsk,60.3736,120.4264,65.88,78,5,1.41,RU,1690227076
139,vila velha,-20.3297,-40.2925,75.15,80,20,9.22,BR,1690226845
140,zeya,53.75,127.2667,61.86,96,100,6.71,RU,1690227077
141,constantia,44.1833,28.65,75.88,73,0,19.22,RO,1690227078
142,hammerfest,70.6634,23.6821,52.25,87,75,5.75,NO,1690227078
143,portland,45.5234,-122.6762,74.28,64,75,6.91,US,1690226600
144,coahuayana de hidalgo,18.7,-103.6583,89.02,60,100,5.23,MX,1690226594
145,moissala,8.3404,17.7663,77.09,79,90,6.22,TD,1690227080
146,krasnokamensk,50.0979,118.0369,61.3,86,100,5.01,RU,1690227080
147,mata-utu,-13.2816,-176.1745,80.13,74,100,18.66,WF,1690226508
148,nuuk,64.1835,-51.7216,54.21,71,20,12.66,GL,1690226276
149,buala,-8.145,159.5921,78.66,85,100,4.34,SB,1690226636
150,oranjemund,-28.55,16.4333,54.41,77,100,17.58,NA,1690226682
151,nuku'alofa,-21.1333,-175.2,61.14,94,20,2.3,TO,1690227083
152,okha,53.5739,142.9478,58.33,84,100,4.27,RU,1690226362
153,t'ongch'on-up,38.9539,127.8917,74.37,90,7,8.95,KP,1690227084
154,natal,-5.795,-35.2094,83.05,65,40,19.57,BR,1690227029
155,black point,-34.6187,137.8972,50.16,86,0,7.81,AU,1690227085
156,hotan,37.0997,79.9269,84.07,30,100,6.15,CN,1690227087
157,phan thiet,10.9333,108.1,76.32,93,94,7.56,VN,1690227088
158,ust'-ilimsk,58.0006,102.6619,62.42,95,100,3.76,RU,1690227089
159,saint-georges,12.0564,-61.7485,83.88,79,75,13.8,GD,1690227089
160,mega,4.05,38.3,60.58,72,76,6.91,ET,1690227090
161,arraial do cabo,-22.9661,-42.0278,75.16,73,0,20.71,BR,1690227090
162,calama,-22.4667,-68.9333,73.89,8,0,18.41,CL,1690226570
163,kidal,18.4411,1.4078,100.74,23,78,6.02,ML,1690226566
164,guerrero negro,27.9769,-114.0611,79.11,51,99,15.05,MX,1690227092
165,antofagasta,-23.65,-70.4,65.48,71,31,8.41,CL,1690226979
166,port alfred,-33.5906,26.891,54.21,68,0,9.95,ZA,1690227093
167,kailua-kona,19.6406,-155.9956,84.51,79,20,10.36,US,1690227006
168,deming,32.2687,-107.7586,96.4,15,0,7.99,US,1690227041
169,port macquarie,-31.4333,152.9167,47.89,92,22,8.88,AU,1690227052
170,freetown,8.484,-13.2299,80.31,83,75,5.75,SL,1690227016
171,labrador city,52.9463,-66.9114,78.71,34,40,9.22,CA,1690227096
172,port isabel,26.0734,-97.2086,98.64,70,75,13.8,US,1690227096
173,chamzinka,54.4019,45.7839,57.92,80,49,4.29,RU,1690227097
174,cozumel,20.5083,-86.9458,93.27,70,40,8.05,MX,1690226805
175,shingu,33.7333,135.9833,73.33,89,0,3.78,JP,1690227098
176,tazacorte,28.629,-17.9293,74.37,83,20,14.97,ES,1690227098
177,tevriz,57.509,72.4042,57.74,98,89,4.0,RU,1690227099
178,carauari,-4.8828,-66.8958,96.06,31,73,3.2,BR,1690226611
179,tralee,52.2704,-9.7026,56.84,81,100,7.76,IE,1690226363
180,udachny,66.4167,112.4,55.63,89,25,5.57,RU,1690227100
181,boise,43.6135,-116.2035,92.64,19,20,3.44,US,1690227009
182,illizi,26.4833,8.4667,94.66,8,3,13.73,DZ,1690227102
183,miracema do tocantins,-9.5618,-48.3967,93.29,22,8,6.42,BR,1690227102
184,kiunga,-6.1219,141.2906,69.78,98,100,1.92,PG,1690227103
185,walvis bay,-22.9575,14.5053,54.09,87,86,0.0,NA,1690226548
186,onega,63.9061,38.1404,51.6,96,100,4.45,RU,1690227104
187,sao felix do xingu,-6.6447,-51.995,93.58,24,6,4.29,BR,1690227105
188,isangel,-19.55,169.2667,66.31,100,100,3.44,VU,1690226568
189,hadibu,12.65,54.0333,77.16,79,56,18.43,YE,1690227106
190,mountain home,43.133,-115.6912,81.88,34,75,3.44,US,1690227056
191,salekhard,66.53,66.6019,66.47,61,100,6.51,RU,1690227107
192,barrie,44.4001,-79.6663,76.78,77,90,5.75,CA,1690226834
193,broome,42.2506,-75.833,84.02,67,40,11.5,US,1690227108
194,longyearbyen,78.2186,15.6401,53.44,66,40,16.11,SJ,1690227108
195,smithers,54.7804,-127.1743,55.72,88,100,2.3,CA,1690226551
196,kodiak,57.79,-152.4072,54.91,76,100,9.22,US,1690227109
197,ambon,-3.6954,128.1814,81.23,90,40,4.61,ID,1690226636
198,tomatlan,19.9333,-105.25,90.48,56,45,10.83,MX,1690227111
199,north las vegas,36.1989,-115.1175,109.31,16,0,20.0,US,1690226958
200,sonqor,34.7837,47.6004,73.87,21,0,1.16,IR,1690227111
201,sisimiut,66.9395,-53.6735,48.2,75,55,15.23,GL,1690227112
202,reggane,26.7158,0.1714,107.06,8,71,10.78,DZ,1690227112
203,el fasher,13.6279,25.3494,92.71,29,100,6.15,SD,1690227113
204,mugia,43.1041,-9.2179,66.9,72,63,10.29,ES,1690227113
205,utrik,11.2278,169.8474,82.99,77,87,16.71,MH,1690227114
206,bainbridge,47.6262,-122.5212,66.99,77,100,5.75,US,1690226938
207,sandnessjoen,66.0217,12.6316,59.52,88,75,8.05,NO,1690227115
208,mongo,12.1844,18.693,85.84,63,98,6.02,TD,1690226650
209,puerto morazan,12.8504,-87.1717,88.57,47,67,7.27,NI,1690227116
210,la'ie,21.6477,-157.9253,82.36,74,50,15.55,US,1690226640
211,shetpe,44.1667,52.1167,84.0,39,100,10.36,KZ,1690227117
212,nanning,22.8167,108.3167,81.05,86,100,3.89,CN,1690227118
213,balabac,7.9868,117.0645,81.45,83,99,17.6,PH,1690227118
214,college,64.8569,-147.8028,80.58,61,40,0.0,US,1690227119
215,badger,64.8,-147.5333,80.51,60,40,0.0,US,1690227119
216,rawlins,41.7911,-107.2387,91.29,16,0,10.36,US,1690227120
217,northam,51.0333,-4.2167,61.61,76,14,11.36,GB,1690227120
218,mejit,10.2753,170.8646,82.94,77,96,17.92,MH,1690227121
219,touros,-5.1989,-35.4608,78.91,73,18,17.38,BR,1690227121
220,hakui,36.8833,136.7833,78.13,75,0,2.48,JP,1690227122
221,comala,19.3167,-103.75,84.9,61,100,5.32,MX,1690227122
222,puerto deseado,-47.7503,-65.8938,40.35,73,99,21.61,AR,1690227098
223,sungai penuh,-2.0833,101.3833,62.02,92,43,1.12,ID,1690227124
224,vila franca do campo,37.7167,-25.4333,73.81,76,44,4.23,PT,1690227124
225,dapa,9.7594,126.0531,82.54,75,100,9.55,PH,1690227125
226,dedza,-14.3779,34.3332,57.42,60,0,1.28,MW,1690227126
227,anka,12.1138,5.9243,81.3,66,46,7.63,NG,1690227126
228,fort mcmurray,56.7268,-111.381,81.99,50,0,6.91,CA,1690227127
229,bardai,11.65,7.2333,78.24,66,43,6.11,NG,1690226544
230,gubkinskiy,64.434,76.5026,70.14,48,100,5.35,RU,1690227116
231,birao,10.2849,22.7882,78.76,76,93,3.71,CF,1690227128
232,kralendijk,12.15,-68.2667,87.78,66,75,20.71,BQ,1690226552
233,salinopolis,-0.6136,-47.3561,81.81,76,26,11.12,BR,1690227129
234,callao,-12.0667,-77.15,75.49,53,20,12.66,PE,1690227048
235,mantua,45.1667,10.7833,79.41,75,58,5.99,IT,1690226582
236,vanino,49.0869,140.2543,63.07,96,48,2.86,RU,1690227131
237,orden,46.3937,9.6963,54.55,98,92,4.05,CH,1690227131
238,diu,20.7141,70.9822,80.44,88,99,18.21,IN,1690227132
239,las lomitas,-24.7096,-60.593,68.32,51,96,7.29,AR,1690227133
240,praia,14.9215,-23.5087,81.14,74,75,12.66,CV,1690227133
241,misawa,40.6836,141.3597,73.6,82,4,5.1,JP,1690227134
242,acapulco de juarez,16.8634,-99.8901,91.22,58,75,8.05,MX,1690226544
243,aoulef,26.9667,1.0833,104.05,6,0,10.51,DZ,1690227135
244,turkmenabat,39.0733,63.5786,93.18,15,0,9.22,TM,1690227136
245,lampa,-33.2833,-70.9,63.43,41,0,4.61,CL,1690227136
246,tosontsengel,48.7567,98.2839,47.37,81,51,1.23,MN,1690227137
247,st. john's,47.5649,-52.7093,77.27,83,75,17.27,CA,1690227137
248,san isidro de curuguaty,-24.5167,-55.7,86.99,29,44,5.12,PY,1690227138
249,valencia de alcantara,39.4115,-7.2444,73.26,50,0,9.51,ES,1690227138
250,avarua,-21.2078,-159.775,71.65,94,100,2.3,CK,1690227139
251,wajir,1.7471,40.0573,79.66,55,19,18.84,KE,1690227140
252,virginia,37.5481,-77.4467,87.1,70,75,5.75,US,1690226943
253,salzwedel,52.85,11.15,65.01,92,45,7.72,DE,1690227141
254,nova sintra,14.8667,-24.7167,73.08,79,100,15.3,CV,1690227141
255,okhotsk,59.3833,143.3,58.23,73,3,2.93,RU,1690226613
256,beboto,8.2668,16.939,74.3,83,100,5.23,TD,1690227142
257,pak phanang,8.3511,100.202,78.96,80,100,7.87,TH,1690227143
258,yoichi,43.2039,140.7703,74.52,92,91,6.04,JP,1690227143
259,notodden,59.5594,9.2585,57.99,88,100,8.99,NO,1690227144
260,alice springs,-23.7,133.8833,38.75,81,0,0.0,AU,1690227144
261,tindouf,27.6711,-8.1474,105.13,13,14,16.49,DZ,1690226387
262,quezon,7.7303,125.0989,72.45,97,100,4.81,PH,1690227145
263,khromtau,50.2503,58.4347,69.33,42,100,8.97,KZ,1690227146
264,port lincoln,-34.7333,135.8667,55.74,70,92,10.31,AU,1690227146
265,kupang,-10.1667,123.5833,72.37,74,32,15.41,ID,1690227147
266,mocajuba,-2.5842,-49.5072,94.44,35,17,2.33,BR,1690227147
267,acarau,-2.8856,-40.12,81.88,69,13,17.65,BR,1690227148
268,mikomeseng,2.1361,10.6132,69.26,99,94,3.74,GQ,1690227148
269,ninotsminda,41.2646,43.5916,55.0,99,98,4.03,GE,1690227149
270,ostersund,63.1792,14.6357,63.05,31,97,5.75,SE,1690227150
271,taulaga,-11.0553,-171.0883,81.59,79,31,19.89,AS,1690226633
272,kratie,12.4881,106.0188,73.42,97,90,3.71,KH,1690227151
273,tofol,5.3248,163.0078,83.55,74,95,12.28,FM,1690227151
274,didwana,27.4,74.5667,91.09,54,98,5.5,IN,1690227152
275,ballina,-28.8667,153.5667,48.78,61,54,11.99,AU,1690226644
276,san jeronimo de juarez,17.1333,-100.4667,89.76,56,100,7.4,MX,1690227153
277,ulety,51.3572,112.4849,56.43,96,97,3.51,RU,1690227154
278,east london,-33.0153,27.9116,57.61,60,0,7.47,ZA,1690226621
279,menongue,-14.6585,17.691,59.61,29,99,3.58,AO,1690227155
280,muhos,64.808,25.9931,55.76,90,94,3.38,FI,1690227156
281,nizhniy odes,63.6445,54.856,58.19,73,77,4.7,RU,1690227157
282,verkhniye tatyshly,56.2912,55.8575,57.29,95,90,4.61,RU,1690227157
283,baringo,0.4667,35.9667,72.43,68,100,7.45,KE,1690227158
284,taseyevo,57.2169,94.8978,61.2,98,100,4.41,RU,1690227158
285,manokwari,-0.8667,134.0833,78.08,80,82,4.09,ID,1690227159
286,shakhan,49.8233,72.6342,63.84,45,14,5.59,KZ,1690227159
287,coron,11.9986,120.2043,78.4,92,100,20.29,PH,1690227160
288,brookings,44.3114,-96.7984,89.46,44,0,13.8,US,1690227137
289,copala,16.65,-98.9833,88.59,57,100,8.46,MX,1690227161
290,gizo,-8.103,156.8419,79.34,84,100,16.62,SB,1690227161
291,lobujya,27.95,86.8167,38.55,92,100,3.27,NP,1690227162
292,verkhnevilyuysk,63.4453,120.3167,62.33,94,75,6.08,RU,1690226619
293,amarante do maranhao,-5.5667,-46.7422,94.15,23,17,5.61,BR,1690227164
294,clarkston heights-vineland,46.3874,-117.083,93.43,21,0,9.22,US,1690227164
295,felege neway,6.3,36.8833,66.85,91,100,3.31,ET,1690227165
296,khanty-mansiysk,61.0042,69.0019,64.51,88,0,2.24,RU,1690227165
297,el calafate,-50.3408,-72.2768,22.91,83,100,0.81,AR,1690227166
298,hola,51.5377,23.1902,77.18,86,97,12.75,PL,1690227166
299,washington,47.5001,-120.5015,81.9,29,100,4.63,US,1690227167
300,yuzhno-kurilsk,44.0306,145.8556,63.27,100,100,5.86,RU,1690227167
301,la rinconada,37.4873,-5.9826,88.12,44,0,14.97,ES,1690227107
302,tangalle,6.024,80.7911,77.45,89,91,9.82,LK,1690226550
303,holualoa,19.6228,-155.9522,80.78,80,20,10.36,US,1690227169
304,weno,7.4515,151.8468,82.83,77,100,17.52,FM,1690226586
305,rundu,-17.9333,19.7667,62.17,22,99,5.95,NA,1690227169
306,neon karlovasion,37.7903,26.7044,87.57,60,0,12.26,GR,1690227170
307,tupiza,-21.45,-65.7167,71.82,4,0,7.72,BO,1690227170
308,east aurora,42.7678,-78.6134,82.08,60,9,14.0,US,1690227171
309,susuman,62.7833,148.1667,54.07,70,23,3.06,RU,1690226589
310,proletariy,58.4342,31.7046,57.92,70,79,4.03,RU,1690227172
311,junin de los andes,-39.9504,-71.0694,34.75,84,99,2.91,AR,1690227172
312,colares,38.7992,-9.4469,73.08,62,20,21.0,PT,1690227173
313,nar'yan-mar,67.6713,53.087,61.18,74,100,4.9,RU,1690227173
314,suriapet,17.15,79.6167,76.46,91,100,14.14,IN,1690227174
315,kushiro,42.975,144.3747,66.25,91,89,6.4,JP,1690227083
316,lazaro cardenas,17.9583,-102.2,90.14,55,99,1.95,MX,1690226993
317,geraldton,-28.7667,114.6,48.61,71,3,13.8,AU,1690227175
318,toliara,-23.35,43.6667,66.06,78,3,4.05,MG,1690227175
319,viransehir,37.2353,39.7631,92.55,19,0,11.39,TR,1690227176
320,vredendal,-31.6683,18.5012,50.18,57,38,7.99,ZA,1690227177
321,rwamagana,-1.9487,30.4347,76.44,52,68,0.34,RW,1690227178
322,santa cruz,-17.8,-63.1667,83.66,51,75,13.8,BO,1690226931
323,colonia,50.9333,6.95,64.74,86,20,5.75,DE,1690226954
324,kozel'sk,54.0375,35.7716,60.1,95,100,7.45,RU,1690227179
325,ekangala,-25.6962,28.7492,58.3,39,90,5.82,ZA,1690227180
326,ushtobe,45.2514,77.9838,79.47,19,0,12.53,KZ,1690226636
327,namtsy,62.7161,129.6658,67.71,74,47,4.14,RU,1690227181
328,haifa,32.8156,34.9892,85.21,78,0,6.8,IL,1690226585
329,tarawa,1.419,172.984,77.09,100,20,0.0,KI,1690227182
330,prince rupert,54.3161,-130.3201,60.49,89,20,4.61,CA,1690227183
331,atafu village,-8.5421,-172.5159,84.07,70,13,17.6,TK,1690227183
332,wynyard,-41.0,145.7167,46.54,84,86,5.53,AU,1690226612
333,mwinilunga,-11.7358,24.4293,62.73,46,0,4.47,ZM,1690227184
334,urangan,-25.3,152.9,64.36,78,41,20.85,AU,1690226659
335,puerto el triunfo,13.2833,-88.55,97.66,50,50,7.65,SV,1690227185
336,eyl,7.9803,49.8164,78.93,66,93,29.42,SO,1690227186
337,tsiombe,-25.3,45.4833,61.79,90,58,3.78,MG,1690227186
338,iowa park,33.9515,-98.6687,106.11,24,20,11.5,US,1690227142
339,strezhevoy,60.7333,77.5889,63.5,84,99,1.57,RU,1690227187
340,cockburn town,21.4612,-71.1419,87.76,58,40,11.5,TC,1690227188
341,mount gambier,-37.8333,140.7667,48.34,80,85,1.66,AU,1690227188
342,dickinson,29.4608,-95.0513,99.09,63,40,12.66,US,1690227189
343,lompoc,34.6391,-120.4579,83.84,68,75,8.05,US,1690227110
344,bulata,9.8599,122.4016,81.23,83,100,23.02,PH,1690227190
345,chimaltenango,14.6686,-90.8167,73.45,72,100,3.69,GT,1690227191
346,ancud,-41.8697,-73.8203,46.98,93,100,21.07,CL,1690227191
347,gornopravdinsk,60.05,69.9,57.74,95,100,2.77,RU,1690227191
348,severobaykal'sk,55.65,109.3167,50.65,87,100,4.16,RU,1690227192
349,homosassa springs,28.8036,-82.5759,84.25,88,75,4.61,US,1690227193
350,bairnsdale,-37.8333,147.6167,42.06,93,37,5.97,AU,1690227193
351,belyy yar,53.6039,91.3903,62.49,94,0,4.47,RU,1690227194
352,hasaki,35.7333,140.8333,74.3,90,73,8.05,JP,1690227194
353,fangshan,39.6983,115.9925,75.34,85,72,1.07,CN,1690227195
354,darovskoy,58.77,47.9564,52.88,94,2,3.74,RU,1690227195
355,kuloy,61.0305,42.4925,54.41,88,100,4.36,RU,1690227196
356,novyy urengoy,66.0833,76.6333,67.42,68,67,6.24,RU,1690227196
357,ronne,55.1009,14.7066,64.31,94,100,3.44,DK,1690226944
358,benjamin aceval,-24.9667,-57.5667,87.94,33,61,3.96,PY,1690227197
359,maridi,4.9158,29.4742,69.85,90,100,2.46,SS,1690227197
360,sao jose da coroa grande,-8.8978,-35.1478,75.34,81,10,9.51,BR,1690227198
361,chutove,49.7104,35.1603,64.38,59,100,7.49,UA,1690227200
362,polyarnyy,69.1989,33.4478,48.97,96,100,13.09,RU,1690226602
363,naze,28.3667,129.4833,81.52,83,100,11.59,JP,1690227201
364,takoradi,4.8845,-1.7554,76.33,89,100,6.06,GH,1690227202
365,afaahiti,-17.75,-149.2833,80.47,83,6,20.49,PF,1690227202
366,salalah,17.0151,54.0924,77.09,100,100,5.75,OM,1690227203
367,beidao,34.5686,105.8933,68.47,75,0,3.89,CN,1690227203
368,sovetskaya gavan',48.9723,140.2878,62.47,97,45,4.03,RU,1690227204
369,kapa'a,22.0752,-159.319,82.72,78,100,16.11,US,1690227204
370,carutapera,-1.195,-46.02,82.69,76,8,7.63,BR,1690226641
371,siwa oasis,29.2041,25.5195,95.59,22,0,19.46,EG,1690227205
372,essaouira,31.5125,-9.77,69.44,85,0,22.17,MA,1690227206
373,kabansk,52.0486,106.6528,56.39,92,29,3.83,RU,1690227206
374,happy valley-goose bay,53.3168,-60.3315,71.91,78,75,4.61,CA,1690227207
375,kapuskasing,49.4169,-82.4331,71.69,56,75,4.61,CA,1690227207
376,mawlaik,23.6333,94.4167,77.61,96,94,0.89,MM,1690227208
377,puerto baquerizo moreno,-0.9,-89.6,81.59,74,75,13.22,EC,1690227209
378,villa regina,-39.1,-67.0667,51.15,37,10,17.31,AR,1690227210
379,thaba nchu,-29.2093,26.839,40.84,29,98,4.09,ZA,1690227210
380,jalalaqsi,3.3766,45.5996,74.7,79,45,19.66,SO,1690227211
381,itoman,26.1247,127.6694,84.97,85,20,11.5,JP,1690226651
382,taoudenni,22.6783,-3.9836,109.78,11,72,6.15,ML,1690227212
383,vada,51.97,5.6667,62.11,82,75,5.75,NL,1690227212
384,vilyuchinsk,52.9306,158.4028,55.67,84,22,10.33,RU,1690227213
385,el alto,-4.2714,-81.2147,80.26,69,100,22.95,PE,1690227213
386,vilyuysk,63.7553,121.6247,61.45,96,99,8.01,RU,1690227214
387,ternate,0.8,127.4,79.77,80,79,6.8,ID,1690227215
388,rongelap,11.1635,166.8941,83.3,74,94,20.07,MH,1690227215
389,bam,29.106,58.357,91.38,11,100,9.17,IR,1690227216
390,nieuw amsterdam,5.8833,-55.0833,93.22,49,40,5.75,SR,1690227216
391,maubin,16.7333,95.65,78.01,92,82,5.84,MM,1690227217
392,mount isa,-20.7333,139.5,53.37,58,69,14.97,AU,1690227217
393,buctzotz,21.2,-88.7833,101.1,28,100,6.58,MX,1690227218
394,karasburg,-28.0167,18.75,51.01,40,100,13.69,NA,1690227218
395,vanimo,-2.6741,141.3028,76.93,90,46,3.58,PG,1690227219
396,qacha's nek,-30.1154,28.6894,35.73,55,30,1.95,LS,1690227219
397,upington,-28.4478,21.2561,52.18,30,100,2.3,ZA,1690227072
398,moyale,3.5167,39.0584,71.89,61,100,4.92,KE,1690227220
399,massenya,11.4039,16.1705,81.12,73,30,5.19,TD,1690227220
400,mulayjah,27.271,48.4242,97.12,12,66,5.7,SA,1690227221
401,justo daract,-33.8594,-65.1828,57.78,35,6,15.35,AR,1690227221
402,kitami,43.8031,143.8908,71.4,94,85,5.39,JP,1690227222
403,claiborne,32.516,-92.1918,93.72,39,0,4.61,US,1690227223
404,san patricio,28.017,-97.5169,99.18,37,9,16.6,US,1690227223
405,kununurra,-15.7667,128.7333,60.78,39,6,10.36,AU,1690227224
406,puli,23.9664,120.9695,78.8,78,89,5.93,TW,1690227224
407,nova vicosa,-17.8919,-39.3719,72.57,81,10,9.31,BR,1690227225
408,kolosovka,56.4678,73.611,57.72,98,73,7.16,RU,1690227226
409,neiafu,-18.65,-173.9833,61.48,94,20,0.0,TO,1690227226
410,trujillo,-8.116,-79.03,75.16,69,0,11.5,PE,1690227227
411,krasnovishersk,60.4078,57.082,55.33,92,26,3.36,RU,1690227227
412,kudahuvadhoo,2.6708,72.8944,82.56,79,50,10.65,MV,1690227228
413,yarmouth,41.7057,-70.2286,82.45,73,0,14.97,US,1690226995
414,correntina,-13.3433,-44.6367,78.8,43,46,6.76,BR,1690227229
415,saint-philippe,-21.3585,55.7679,67.59,84,38,8.12,RE,1690227229
416,veraval,20.9,70.3667,81.1,87,100,19.28,IN,1690227229
417,sabang,5.8933,95.3214,83.01,74,96,21.3,ID,1690227230
418,lorengau,-2.0226,147.2712,77.0,90,100,5.61,PG,1690227230
419,silvania,-16.6589,-48.6081,74.53,48,95,10.13,BR,1690227231
420,salahonda,2.1019,-78.7217,81.82,82,59,15.28,CO,1690227231
421,puerto cabezas,14.0351,-83.3888,87.76,79,75,11.5,NI,1690227232
422,bucerias,20.75,-105.3333,90.99,70,75,10.36,MX,1690227186
423,nouadhibou,20.931,-17.0347,75.18,69,92,21.85,MR,1690226690
424,dien bien phu,21.3833,103.0167,71.76,99,100,2.08,VN,1690227233
425,poronaysk,49.2167,143.1167,62.01,96,87,1.7,RU,1690227234
426,mirnyy,62.5353,113.9611,68.23,59,15,7.0,RU,1690227234
427,lander,42.833,-108.7307,93.11,29,0,3.44,US,1690227235
428,kapoeta,4.7717,33.5903,81.45,50,73,1.48,SS,1690227235
429,pionerskiy,54.9508,20.2275,69.64,76,100,7.45,RU,1690227236
430,klaksvik,62.2266,-6.589,47.32,87,100,12.62,FO,1690227237
431,thabazimbi,-24.5917,27.4116,65.62,35,71,2.64,ZA,1690227237
432,shakhun'ya,57.6758,46.6114,58.05,77,100,8.41,RU,1690227238
433,soio,-6.1349,12.3689,70.95,87,16,8.03,AO,1690227238
434,gulu,2.7746,32.299,66.11,93,90,4.5,UG,1690227239
435,ed damer,17.5928,33.9592,97.95,13,61,9.78,SD,1690227239
436,al kharijah,25.4514,30.5464,92.61,14,4,9.01,EG,1690227240
437,owando,-0.4819,15.8999,78.3,68,77,3.42,CG,1690227241
438,axim,4.8699,-2.2405,76.42,89,100,5.03,GH,1690227241
439,kirkuk,35.4681,44.3922,95.4,12,0,4.74,IQ,1690227242
440,ismailia,30.6043,32.2723,84.29,64,0,9.19,EG,1690227242
441,nagqu,31.5,92.0,40.46,94,100,4.56,CN,1690227243
442,quepos,9.4236,-84.1652,85.28,74,87,5.48,CR,1690227243
443,sungailiat,-1.85,106.1333,78.98,83,88,8.19,ID,1690227244
444,road town,18.4167,-64.6167,89.64,62,40,13.8,VG,1690227166
445,paita,-5.0892,-81.1144,75.36,72,95,17.65,PE,1690227245
446,brainerd,46.358,-94.2008,88.05,48,100,4.61,US,1690227096
447,queenstown,-31.8976,26.8753,41.13,50,0,2.1,ZA,1690227247
448,camarinas,43.1311,-9.1817,66.92,73,63,9.55,ES,1690227248
449,ulladulla,-35.35,150.4667,46.26,76,0,3.78,AU,1690227248
450,preobrazheniye,42.9019,133.9064,66.87,99,97,6.13,RU,1690227249
451,panshan,41.1881,122.0494,71.62,96,77,6.76,CN,1690227249
452,taltal,-25.4,-70.4833,62.98,75,22,2.82,CL,1690227250
453,snezhnogorsk,69.1933,33.2531,49.78,97,100,11.54,RU,1690227250
454,yenotayevka,47.2456,47.0281,76.89,57,100,7.87,RU,1690226980
455,napili-honokowai,20.9708,-156.6705,84.31,86,1,14.94,US,1690227251
456,spring creek,40.7266,-115.5859,83.89,33,100,26.15,US,1690227252
457,madhogarh,26.276,79.1869,92.61,52,79,5.7,IN,1690227252
458,doka,13.5167,35.7667,81.23,68,97,7.94,SD,1690227253
459,kerikeri,-35.2268,173.9474,46.9,94,17,5.14,NZ,1690227253
460,karratha,-20.7377,116.8463,60.3,50,0,13.98,AU,1690227254
461,francistown,-21.17,27.5079,63.32,27,7,8.57,BW,1690227254
462,imeko,7.45,2.85,73.2,93,100,3.15,NG,1690227255
463,zhangjiakou shi xuanhua qu,40.6103,115.0447,71.02,70,20,1.92,CN,1690227255
464,banda aceh,5.5577,95.3222,80.33,71,77,13.13,ID,1690227256
465,yatou,37.15,122.3833,75.72,95,100,5.19,CN,1690227257
466,tambovka,50.0969,128.0489,62.8,97,100,8.39,RU,1690227257
467,kulhudhuffushi,6.6221,73.07,82.22,80,91,12.37,MV,1690227258
468,kenai,60.5544,-151.2583,59.09,86,100,11.5,US,1690227258
469,murun-kuren,49.6342,100.1625,52.25,87,100,1.83,MN,1690227259
470,nanakuli,21.3906,-158.1547,82.35,71,75,9.22,US,1690227259
471,mitu,1.1983,-70.1733,82.18,67,81,1.7,CO,1690227260
472,victorica,-36.2151,-65.4359,53.76,29,6,15.55,AR,1690227260
473,al qutayfah,33.7385,36.6007,82.22,25,0,4.76,SY,1690227261
474,broken hill,-31.95,141.4333,42.21,92,0,9.35,AU,1690227098
475,oak bay,48.4496,-123.3026,64.45,83,75,5.99,CA,1690227262
476,sheldon,43.1811,-95.8561,88.14,54,0,9.22,US,1690227262
477,howrah,22.5892,88.3103,82.4,89,20,4.61,IN,1690227263
478,kavaratti,10.5669,72.642,82.58,80,100,18.16,IN,1690227263
479,baldeogarh,24.755,79.0681,83.86,72,89,5.21,IN,1690227264
480,saalfeld,50.65,11.3667,68.27,81,0,8.21,DE,1690227264
481,barra,-11.0894,-43.1417,83.3,39,24,11.7,BR,1690227265
482,kifri,34.6959,44.9661,96.19,12,0,5.28,IQ,1690227265
483,horta,38.5333,-28.6333,74.84,86,75,8.99,PT,1690227266
484,charles city,43.0664,-92.6724,90.5,49,0,6.91,US,1690227266
485,hirara,24.8,125.2833,82.67,83,20,10.36,JP,1690227267
486,shani,10.2162,12.062,83.21,58,66,4.5,NG,1690227267
487,port saint john's,-31.6229,29.5448,58.23,64,25,6.33,ZA,1690227269
488,tacna,-18.0056,-70.2483,66.4,56,0,6.91,PE,1690227108
489,oroqen zizhiqi,50.5667,123.7167,55.87,97,64,2.93,CN,1690227270
490,mountain house,37.7833,-121.5427,93.04,34,0,14.97,US,1690227270
491,imbituba,-28.24,-48.6703,76.86,90,0,2.71,BR,1690227271
492,sinabang,2.4803,96.3801,79.5,79,16,1.19,ID,1690227271
493,oranjestad,12.524,-70.027,89.55,62,20,24.16,AW,1690226977
494,remire-montjoly,4.9167,-52.2667,75.24,94,75,11.5,GF,1690227273
495,stawell,-37.05,142.7667,40.66,89,9,2.84,AU,1690227273
496,lebanon,36.2081,-86.2911,92.79,56,0,4.61,US,1690227192
497,mbandaka,0.0487,18.2603,71.96,91,9,3.94,CD,1690227274
498,hami,42.8,93.45,81.88,23,0,10.92,CN,1690227275
499,saldanha,-33.0117,17.9442,42.85,72,0,9.08,ZA,1690227275
500,turuntayevo,52.2,107.6167,55.49,97,58,0.72,RU,1690227275
501,enewetak,11.3474,162.3373,83.25,77,63,16.17,MH,1690227276
502,gaiman,-43.2897,-65.4929,47.12,54,90,23.31,AR,1690227277
503,siddipet,18.1,78.85,73.71,94,100,19.04,IN,1690227277
504,chita,52.0333,113.55,57.09,93,100,2.24,RU,1690227278
505,karaton,-6.3424,106.1045,71.15,94,5,2.64,ID,1690227278
506,ghansor,22.65,79.95,76.51,88,86,4.16,IN,1690227279
507,wanning,18.8003,110.3967,80.15,83,99,1.86,CN,1690227245
508,mora,11.0461,14.1401,85.26,51,45,0.65,CM,1690227280
509,kalachinsk,55.0529,74.5751,58.37,95,10,7.27,RU,1690227280
510,roswell,34.0232,-84.3616,92.59,48,0,5.75,US,1690226745
511,kharp,66.8014,65.8081,66.54,60,100,3.15,RU,1690227281
512,selfoss,63.9331,-20.9971,59.04,84,56,8.77,IS,1690227281
513,cidade velha,14.9167,-23.6167,81.07,74,75,12.66,CV,1690227282
514,linhares,-19.3911,-40.0722,72.25,75,0,6.73,BR,1690227131
515,angaur state,6.906,134.13,83.21,78,100,14.76,PW,1690227283
516,potlogi,44.55,25.5833,83.43,36,5,5.26,RO,1690227283
517,goondiwindi,-28.55,150.3167,45.43,74,0,7.47,AU,1690227284
518,magadan,59.5667,150.8,58.17,63,13,4.38,RU,1690227284
519,arauquita,7.0292,-71.4281,79.65,89,77,1.14,CO,1690227285
520,at taj,24.2049,23.2857,90.01,15,3,8.14,LY,1690227003
521,pisco,-13.7,-76.2167,71.65,64,0,10.36,PE,1690227286
522,ponta delgada,37.7333,-25.6667,74.12,78,75,10.36,PT,1690227286
523,ishigaki,24.3448,124.1572,84.33,84,40,14.97,JP,1690227287
524,vigan,17.5747,120.3869,79.52,82,100,8.99,PH,1690227287
525,nabire,-3.3667,135.4833,75.72,90,98,5.5,ID,1690227288
526,muang xay,20.7,101.9833,70.79,99,100,0.87,LA,1690227288
527,duyun,26.2667,107.5167,71.42,98,100,3.62,CN,1690227289
528,pamandzi,-12.7967,45.2794,74.98,78,0,5.75,YT,1690227289
529,bijie,27.3125,105.2942,65.23,94,100,2.98,CN,1690227290
530,cumana,10.4635,-64.1775,83.61,74,82,11.32,VE,1690227290
531,lata,40.1629,-8.3327,66.81,84,5,6.38,PT,1690227291
532,lospalos,-8.5186,127.0025,64.8,80,100,7.31,TL,1690227292
533,leh,34.1667,77.5833,63.68,50,9,4.81,IN,1690227292
534,baiyin,36.5583,104.2081,74.12,48,36,2.64,CN,1690227293
535,bubaque,11.2833,-15.8333,81.77,77,100,11.43,GW,1690227294
536,new shagunnu,10.3396,4.4688,79.99,84,96,9.55,NG,1690227294
537,arkalyk,50.2486,66.9114,69.31,39,95,11.63,KZ,1690227295
538,abepura,-2.6333,140.5833,76.01,83,20,2.3,ID,1690227295
539,acatlan de osorio,18.2,-98.05,83.26,49,100,1.21,MX,1690227296
540,kolonia town,6.964,158.206,77.0,94,100,2.3,FM,1690227296
541,bedele,8.456,36.353,56.43,97,99,3.11,ET,1690227297
542,libreville,0.3925,9.4537,77.02,83,75,8.05,GA,1690227297
543,muisne,0.6,-80.0333,79.88,83,74,12.08,EC,1690227297
544,pangai,-19.8,-174.35,66.31,88,20,2.3,TO,1690227298
545,alpena,45.0617,-83.4327,82.72,70,40,3.44,US,1690227299
546,howard springs,-12.497,131.047,60.71,50,10,8.12,AU,1690227299
547,saint-jean-de-maurienne,45.1667,6.5833,51.24,85,70,3.87,FR,1690227300
548,bayanhongor,46.7167,100.1167,50.77,72,91,5.53,MN,1690227300
549,maryville,35.7565,-83.9705,91.11,52,20,5.99,US,1690227301
550,keflavik,64.0049,-22.5624,54.03,82,100,9.22,IS,1690227301
551,vernon,50.2581,-119.2691,85.93,23,100,3.44,CA,1690227291
552,opuwo,-18.0607,13.84,67.66,28,4,3.15,NA,1690227303
553,daru,-9.0763,143.2092,75.22,73,100,5.59,PG,1690227303
554,glace bay,46.1969,-59.957,85.05,59,40,10.36,CA,1690227304
555,konotop,51.2403,33.2026,64.36,73,83,11.32,UA,1690227305
556,taytay,14.5678,121.1394,80.53,94,75,8.05,PH,1690227305
557,gamba,-2.65,10.0,71.4,91,98,3.38,GA,1690227306
558,monteagudo,-19.8167,-63.9833,75.42,46,56,7.14,BO,1690227306
